height,img_name,label,width,x,y
94,n0239.mha,1,92,776,579
40,n0342.mha,1,27,223,642
111,n0996.mha,1,159,687,310
84,n0418.mha,1,81,343,510
69,n0538.mha,1,62,599,645
53,n1026.mha,1,60,758,621
36,n0986.mha,1,38,171,512
67,n0993.mha,1,60,220,497
96,n0373.mha,1,72,631,642
59,n0373.mha,1,48,203,489
56,n0373.mha,1,54,250,498
48,n0497.mha,1,46,338,415
35,n0497.mha,1,37,183,668
46,n0128.mha,1,54,196,691
38,n1101.mha,1,63,260,494
104,n0783.mha,1,98,245,391
78,n0978.mha,1,72,305,504
48,n0535.mha,1,54,396,329
30,n0704.mha,1,29,851,679
34,n0736.mha,1,27,815,745
45,n0690.mha,1,49,129,799
108,n0989.mha,1,121,140,465
74,n0474.mha,1,75,192,487
78,n0474.mha,1,76,184,685
78,n0474.mha,1,52,144,762
43,n0886.mha,1,41,725,496
54,n0436.mha,1,45,833,375
60,n0352.mha,1,64,237,717
45,n0352.mha,1,38,287,593
57,n0352.mha,1,56,326,642
68,n0838.mha,1,52,322,504
72,n0838.mha,1,67,375,309
114,n0604.mha,1,86,250,351
23,n0604.mha,1,18,827,685
83,n0766.mha,1,88,757,660
47,n0076.mha,1,47,636,158
65,n0769.mha,1,70,175,655
120,n0726.mha,1,93,320,480
51,n0726.mha,1,47,820,522
37,n1095.mha,1,43,634,233
52,n1095.mha,1,39,612,284
32,n0992.mha,1,29,244,578
32,n0992.mha,1,27,209,529
56,n1094.mha,1,60,313,434
51,n0370.mha,1,56,847,460
72,n1012.mha,1,52,136,365
38,n0457.mha,1,25,832,640
36,n0980.mha,1,41,186,281
28,n0725.mha,1,27,757,726
36,n0631.mha,1,55,179,667
73,n0327.mha,1,59,134,764
88,n0288.mha,1,89,277,475
72,n0288.mha,1,61,297,665
27,n1132.mha,1,39,257,700
60,n1132.mha,1,71,166,662
29,n1132.mha,1,42,261,342
49,n0379.mha,1,40,762,356
59,n0139.mha,1,59,212,475
67,n0901.mha,1,64,710,541
44,n0901.mha,1,44,241,403
52,n0901.mha,1,37,122,662
41,n0798.mha,1,38,799,670
99,n0200.mha,1,79,716,381
44,n0200.mha,1,60,171,594
64,n0200.mha,1,62,126,734
59,n0309.mha,1,62,351,294
75,n0309.mha,1,61,277,488
25,n1080.mha,1,20,268,488
42,n0505.mha,1,43,276,576
89,n0353.mha,1,70,308,462
60,n0353.mha,1,58,362,407
45,n0129.mha,1,43,815,753
37,n0129.mha,1,32,285,391
41,n0129.mha,1,36,707,512
36,n1010.mha,1,34,178,738
57,n0384.mha,1,75,722,442
46,n0493.mha,1,49,732,466
65,n0881.mha,1,67,367,251
50,n0873.mha,1,46,383,747
55,n0873.mha,1,60,314,785
89,n0123.mha,1,83,264,587
71,n0123.mha,1,62,131,712
92,n0550.mha,1,97,607,541
81,n0969.mha,1,64,332,460
65,n0731.mha,1,49,855,625
43,n0447.mha,1,30,593,333
47,n0194.mha,1,53,179,767
37,n0241.mha,1,33,815,645
51,n0683.mha,1,44,169,523
39,n0199.mha,1,31,851,745
36,n0764.mha,1,36,759,591
32,n0629.mha,1,32,875,594
40,n0747.mha,1,32,753,429
32,n0743.mha,1,32,890,779
51,n0047.mha,1,36,261,364
60,n0176.mha,1,59,233,509
60,n0097.mha,1,58,709,598
33,n0267.mha,1,23,762,321
43,n0267.mha,1,54,206,600
39,n0267.mha,1,38,798,554
42,n0233.mha,1,46,239,554
40,n0104.mha,1,34,761,326
18,n0999.mha,1,29,268,633
32,n0999.mha,1,38,276,425
34,n0944.mha,1,27,852,581
27,n0944.mha,1,26,191,602
42,n0302.mha,1,36,812,729
70,n0565.mha,1,63,390,663
26,n0627.mha,1,30,783,716
51,n0655.mha,1,71,349,301
78,n0655.mha,1,68,374,346
47,n0336.mha,1,34,780,396
87,n1030.mha,1,69,682,319
51,n0951.mha,1,51,180,592
63,n0008.mha,1,60,407,676
48,n0412.mha,1,54,275,297
66,n0412.mha,1,77,170,698
45,n0013.mha,1,34,141,720
54,n1058.mha,1,50,801,566
46,n1058.mha,1,45,272,562
90,n0486.mha,1,95,746,577
44,n0548.mha,1,57,210,697
46,n0548.mha,1,43,868,757
29,n0056.mha,1,27,853,647
42,n0056.mha,1,48,881,691
54,n0195.mha,1,52,164,556
18,n0563.mha,1,19,833,616
53,n0634.mha,1,56,785,618
86,n0914.mha,1,72,663,278
78,n0914.mha,1,67,258,524
138,n0914.mha,1,107,717,206
41,n0815.mha,1,35,756,614
55,n0023.mha,1,38,234,345
65,n0963.mha,1,65,831,675
91,n0297.mha,1,89,751,676
41,n0198.mha,1,39,245,551
34,n0580.mha,1,49,252,376
40,n0226.mha,1,41,739,459
35,n1123.mha,1,32,88,791
40,n0921.mha,1,59,326,308
35,n0921.mha,1,62,306,492
40,n0921.mha,1,56,196,477
17,n0861.mha,1,21,280,593
51,n0231.mha,1,50,290,413
44,n0825.mha,1,36,689,518
52,n0820.mha,1,53,806,713
103,n0443.mha,1,108,763,524
54,n0817.mha,1,43,659,271
58,n0817.mha,1,43,708,553
58,n0817.mha,1,57,220,599
78,n0902.mha,1,90,284,602
156,n0611.mha,1,102,364,272
48,n0611.mha,1,50,181,491
120,n0611.mha,1,103,812,631
67,n0831.mha,1,68,679,236
89,n0831.mha,1,97,607,348
35,n0273.mha,1,37,232,363
121,n0159.mha,1,101,294,464
74,n0159.mha,1,66,190,678
54,n0159.mha,1,57,350,706
70,n0358.mha,1,70,351,873
39,n0358.mha,1,46,176,515
28,n0836.mha,1,36,138,568
74,n0976.mha,1,55,850,514
56,n0976.mha,1,51,362,448
117,n0976.mha,1,82,569,712
34,n0462.mha,1,35,169,627
75,n0462.mha,1,69,714,534
78,n0394.mha,1,71,390,290
76,n0272.mha,1,64,288,471
61,n0272.mha,1,65,693,602
37,n0853.mha,1,31,772,589
92,n0156.mha,1,78,321,671
46,n0781.mha,1,42,216,285
62,n0446.mha,1,51,793,753
30,n0697.mha,1,42,222,688
43,n1000.mha,1,75,718,751
36,n0334.mha,1,32,769,444
79,n0050.mha,1,105,224,536
98,n0050.mha,1,90,215,613
46,n0953.mha,1,48,731,421
25,n0843.mha,1,21,842,431
52,n0581.mha,1,44,657,687
33,n0007.mha,1,44,249,584
34,n0430.mha,1,31,834,685
41,n0674.mha,1,45,202,435
75,n0259.mha,1,74,702,659
66,n0849.mha,1,59,280,466
71,n0849.mha,1,83,337,265
46,n1120.mha,1,37,283,650
56,n1009.mha,1,49,887,651
43,n1009.mha,1,44,222,545
67,n0138.mha,1,72,126,548
52,n0138.mha,1,64,189,634
24,n0138.mha,1,27,806,521
79,n0250.mha,1,88,152,755
49,n0222.mha,1,51,757,364
40,n0686.mha,1,32,809,803
114,n0427.mha,1,101,234,515
90,n0427.mha,1,88,729,378
66,n0427.mha,1,59,676,293
27,n0140.mha,1,27,265,477
43,n0689.mha,1,32,296,291
44,n0889.mha,1,46,257,207
28,n0415.mha,1,24,790,251
72,n0415.mha,1,98,734,326
46,n0415.mha,1,65,228,382
66,n0257.mha,1,61,776,741
51,n0961.mha,1,53,252,375
110,n0961.mha,1,91,246,470
61,n0961.mha,1,47,690,386
61,n0696.mha,1,50,190,677
26,n0696.mha,1,31,244,534
52,n0696.mha,1,38,282,466
42,n0350.mha,1,47,305,477
153,n0150.mha,1,103,92,623
102,n0151.mha,1,96,772,531
52,n0151.mha,1,52,290,467
30,n1069.mha,1,32,696,642
58,n0661.mha,1,58,580,517
42,n0661.mha,1,40,264,489
76,n0332.mha,1,54,270,334
31,n1024.mha,1,29,807,637
21,n0857.mha,1,18,332,269
32,n0396.mha,1,27,786,485
22,n0772.mha,1,20,860,716
83,n0516.mha,1,93,320,427
86,n0512.mha,1,97,390,139
49,n0518.mha,1,50,280,212
67,n0112.mha,1,64,761,709
48,n0529.mha,1,43,214,644
31,n0220.mha,1,32,756,315
92,n0220.mha,1,96,598,469
28,n0382.mha,1,23,697,463
26,n1119.mha,1,24,224,783
86,n1119.mha,1,66,812,631
39,n0952.mha,1,49,286,278
71,n0141.mha,1,89,361,317
97,n1089.mha,1,86,334,514
80,n0899.mha,1,55,62,629
119,n0899.mha,1,54,109,391
44,n0438.mha,1,41,187,386
74,n0044.mha,1,69,639,390
46,n0044.mha,1,42,716,430
36,n0916.mha,1,41,764,345
40,n0916.mha,1,44,794,395
42,n0916.mha,1,47,716,454
108,n0164.mha,1,106,284,342
79,n0164.mha,1,75,382,341
25,n0806.mha,1,19,688,414
51,n0806.mha,1,58,684,640
35,n0828.mha,1,44,190,372
81,n0289.mha,1,65,314,278
159,n0289.mha,1,110,307,617
46,n0289.mha,1,43,864,448
39,n0243.mha,1,31,792,414
95,n0681.mha,1,97,620,759
40,n0620.mha,1,39,713,445
68,n0075.mha,1,57,643,475
68,n0775.mha,1,73,199,736
60,n0775.mha,1,58,238,525
130,n0641.mha,1,122,600,617
73,n0641.mha,1,76,169,688
39,n0641.mha,1,46,160,627
39,n0675.mha,1,29,757,307
87,n0675.mha,1,71,615,728
41,n0675.mha,1,44,258,310
48,n0648.mha,1,49,734,576
55,n0648.mha,1,43,271,653
38,n0467.mha,1,24,742,406
26,n0467.mha,1,23,659,657
131,n0711.mha,1,97,187,151
27,n0340.mha,1,44,179,658
34,n0340.mha,1,32,269,514
40,n0390.mha,1,40,117,739
77,n1054.mha,1,86,198,531
49,n0051.mha,1,51,755,333
29,n0051.mha,1,24,819,487
19,n0051.mha,1,26,151,349
21,n0073.mha,1,21,695,208
53,n0073.mha,1,42,371,249
39,n1028.mha,1,34,234,668
44,n0205.mha,1,47,247,545
52,n0718.mha,1,49,112,676
32,n1023.mha,1,35,137,330
21,n0874.mha,1,27,252,654
59,n0907.mha,1,55,301,563
51,n0907.mha,1,39,226,591
43,n0816.mha,1,69,675,364
31,n0155.mha,1,32,857,347
55,n0155.mha,1,90,360,666
55,n0155.mha,1,53,336,709
71,n1052.mha,1,78,367,655
47,n0767.mha,1,57,720,535
53,n0720.mha,1,60,211,518
29,n0959.mha,1,33,319,748
68,n0527.mha,1,50,281,676
70,n0299.mha,1,50,113,448
84,n0972.mha,1,80,769,686
30,n0752.mha,1,36,793,532
45,n0752.mha,1,39,606,586
52,n0283.mha,1,48,311,627
110,n0887.mha,1,108,199,392
35,n0887.mha,1,43,163,756
54,n0482.mha,1,45,410,654
65,n0695.mha,1,66,210,576
50,n0695.mha,1,62,216,524
65,n0695.mha,1,56,828,643
43,n0328.mha,1,44,290,429
103,n0494.mha,1,85,249,485
47,n0399.mha,1,49,232,478
36,n0399.mha,1,36,160,542
54,n0399.mha,1,62,132,744
50,n0716.mha,1,52,158,749
61,n0834.mha,1,62,738,616
52,n0834.mha,1,59,287,458
65,n0025.mha,1,60,742,443
62,n0517.mha,1,70,724,396
57,n0027.mha,1,62,797,508
68,n0027.mha,1,74,717,639
57,n0027.mha,1,67,153,646
51,n0533.mha,1,48,223,528
80,n0840.mha,1,54,805,477
51,n0285.mha,1,48,175,637
38,n0285.mha,1,36,156,713
43,n0285.mha,1,44,818,585
33,n0894.mha,1,36,798,576
27,n0894.mha,1,39,273,530
48,n0832.mha,1,59,742,488
59,n0832.mha,1,69,328,657
33,n0832.mha,1,32,746,414
41,n1061.mha,1,35,820,430
50,n0188.mha,1,51,240,702
63,n0858.mha,1,50,826,622
55,n0295.mha,1,56,307,635
51,n0295.mha,1,44,695,758
25,n0295.mha,1,29,790,770
22,n0017.mha,1,27,169,585
108,n0801.mha,1,102,214,643
52,n0624.mha,1,46,196,648
82,n0749.mha,1,52,764,438
70,n0749.mha,1,64,811,593
52,n0279.mha,1,49,672,312
60,n0367.mha,1,49,134,592
68,n0687.mha,1,59,175,443
41,n0687.mha,1,38,158,526
75,n0687.mha,1,75,749,694
64,n0191.mha,1,60,568,217
59,n0223.mha,1,65,270,527
56,n0900.mha,1,63,760,360
51,n0147.mha,1,51,202,723
45,n0940.mha,1,45,794,433
78,n0956.mha,1,67,829,556
45,n0956.mha,1,47,318,355
44,n0956.mha,1,43,325,556
82,n0988.mha,1,69,652,648
51,n0946.mha,1,52,768,353
73,n0946.mha,1,59,820,563
51,n0500.mha,1,62,228,490
65,n0500.mha,1,69,275,619
61,n0500.mha,1,61,350,631
81,n0903.mha,1,64,769,450
49,n0012.mha,1,47,245,631
25,n0784.mha,1,29,270,310
65,n0666.mha,1,45,274,248
76,n0378.mha,1,53,729,585
90,n0032.mha,1,99,538,308
79,n0032.mha,1,88,705,599
99,n0032.mha,1,119,543,632
49,n0270.mha,1,60,223,402
70,n1126.mha,1,63,558,631
33,n0577.mha,1,37,158,747
111,n1011.mha,1,87,821,558
71,n1011.mha,1,70,852,741
76,n1031.mha,1,80,333,562
36,n0608.mha,1,47,193,490
43,n1040.mha,1,38,242,822
58,n0215.mha,1,54,252,462
98,n0215.mha,1,74,738,286
43,n0761.mha,1,47,161,618
39,n0606.mha,1,40,211,686
40,n0229.mha,1,43,241,631
69,n0779.mha,1,71,305,288
40,n1096.mha,1,42,755,387
69,n0180.mha,1,56,800,663
47,n0180.mha,1,56,794,447
30,n0180.mha,1,30,785,499
51,n0760.mha,1,39,749,313
64,n0317.mha,1,67,595,676
159,n0072.mha,1,154,677,573
81,n1098.mha,1,73,703,430
77,n1098.mha,1,74,648,560
121,n1098.mha,1,152,202,566
79,n0202.mha,1,54,350,372
53,n0202.mha,1,48,697,580
51,n0202.mha,1,69,197,712
46,n0930.mha,1,53,265,465
77,n0930.mha,1,86,716,667
43,n0930.mha,1,54,234,562
58,n0973.mha,1,57,177,693
28,n0626.mha,1,26,838,669
48,n0617.mha,1,44,863,681
55,n1008.mha,1,72,185,645
79,n0814.mha,1,109,235,332
35,n0814.mha,1,37,259,446
46,n1036.mha,1,42,722,357
43,n1036.mha,1,41,184,582
57,n0461.mha,1,44,777,609
50,n0461.mha,1,59,379,281
59,n0274.mha,1,86,214,678
58,n1078.mha,1,53,195,455
48,n1078.mha,1,60,285,246
68,n0950.mha,1,74,738,686
43,n0950.mha,1,44,845,496
31,n0115.mha,1,27,298,321
102,n0058.mha,1,102,723,383
52,n0058.mha,1,49,819,507
60,n0058.mha,1,71,794,657
48,n0363.mha,1,41,675,306
38,n0912.mha,1,31,231,670
28,n0912.mha,1,26,170,595
89,n0871.mha,1,74,279,316
51,n0979.mha,1,42,783,578
40,n1062.mha,1,51,178,571
63,n0632.mha,1,63,225,520
55,n0294.mha,1,61,804,506
75,n0896.mha,1,77,602,609
25,n1021.mha,1,25,240,493
43,n0437.mha,1,47,214,720
55,n0113.mha,1,50,840,781
74,n0727.mha,1,83,208,670
32,n0707.mha,1,28,191,686
50,n0750.mha,1,68,262,511
100,n0750.mha,1,110,209,635
69,n0750.mha,1,68,698,453
37,n0589.mha,1,45,283,358
25,n0589.mha,1,42,206,415
36,n0589.mha,1,42,241,510
46,n0530.mha,1,48,304,505
79,n0530.mha,1,80,280,603
55,n0208.mha,1,44,302,382
87,n0208.mha,1,86,208,690
64,n0208.mha,1,48,576,679
78,n0797.mha,1,91,308,673
56,n1003.mha,1,59,234,439
21,n1003.mha,1,21,221,258
39,n1003.mha,1,40,916,786
75,n0865.mha,1,77,273,294
67,n0277.mha,1,104,735,422
46,n0277.mha,1,42,695,461
65,n0277.mha,1,61,777,479
27,n0254.mha,1,25,615,712
46,n1032.mha,1,40,200,572
73,n0721.mha,1,61,172,720
65,n1002.mha,1,50,736,481
34,n0808.mha,1,36,788,650
46,n0647.mha,1,47,730,347
51,n0647.mha,1,46,733,574
57,n0103.mha,1,50,347,300
34,n0054.mha,1,46,267,479
56,n0253.mha,1,52,731,471
60,n0253.mha,1,49,182,641
59,n0344.mha,1,83,322,410
51,n0459.mha,1,50,232,585
55,n0459.mha,1,57,378,668
37,n0710.mha,1,27,172,549
36,n0740.mha,1,29,799,506
33,n0351.mha,1,30,806,674
61,n0083.mha,1,51,230,540
49,n0854.mha,1,37,439,367
53,n0026.mha,1,46,846,654
63,n0026.mha,1,59,778,696
65,n0026.mha,1,61,372,453
57,n0495.mha,1,60,330,704
75,n0495.mha,1,81,674,552
49,n0495.mha,1,40,159,612
93,n1017.mha,1,92,236,592
43,n0712.mha,1,42,248,480
29,n1093.mha,1,26,722,425
29,n1093.mha,1,36,755,571
41,n0691.mha,1,45,806,660
51,n0169.mha,1,53,697,468
64,n0169.mha,1,78,579,740
123,n0169.mha,1,113,721,626
45,n0556.mha,1,44,406,466
63,n0799.mha,1,52,831,530
44,n0018.mha,1,42,772,317
61,n0477.mha,1,57,717,483
57,n0106.mha,1,56,735,344
66,n0844.mha,1,46,266,403
64,n0844.mha,1,54,623,665
42,n0844.mha,1,38,207,638
71,n0093.mha,1,76,189,489
42,n0676.mha,1,30,333,711
59,n0442.mha,1,56,789,688
76,n0715.mha,1,64,213,691
44,n1025.mha,1,41,737,525
27,n1025.mha,1,31,757,579
107,n1041.mha,1,93,685,379
30,n1088.mha,1,43,188,646
39,n0383.mha,1,46,775,433
109,n0383.mha,1,97,816,457
58,n0776.mha,1,49,203,352
87,n0776.mha,1,67,155,461
95,n0862.mha,1,76,753,501
45,n0862.mha,1,35,825,669
46,n1018.mha,1,36,293,591
23,n0680.mha,1,28,197,559
64,n0700.mha,1,62,744,237
72,n0409.mha,1,75,742,609
37,n0409.mha,1,47,861,753
20,n0754.mha,1,21,397,368
97,n0809.mha,1,86,697,721
38,n0266.mha,1,36,798,639
42,n0991.mha,1,34,790,610
40,n0991.mha,1,31,711,361
54,n0991.mha,1,34,701,200
48,n1067.mha,1,40,671,148
48,n0762.mha,1,53,782,685
23,n0105.mha,1,23,197,671
47,n0234.mha,1,46,815,657
101,n0790.mha,1,74,302,672
93,n0790.mha,1,92,352,306
100,n0595.mha,1,122,720,376
52,n0595.mha,1,54,797,648
44,n0553.mha,1,49,763,455
57,n0059.mha,1,51,284,214
47,n0392.mha,1,39,300,409
51,n0523.mha,1,54,166,692
76,n0523.mha,1,108,752,508
61,n0523.mha,1,49,737,723
54,n0472.mha,1,45,802,714
103,n0456.mha,1,109,535,664
123,n0111.mha,1,126,245,314
60,n0343.mha,1,56,653,237
90,n0109.mha,1,69,205,434
88,n0109.mha,1,76,263,604
12,n0048.mha,1,11,403,324
42,n0485.mha,1,39,752,630
27,n0744.mha,1,25,839,717
62,n0600.mha,1,57,711,647
35,n0480.mha,1,29,221,337
57,n0585.mha,1,58,794,739
45,n0585.mha,1,39,753,738
69,n0618.mha,1,44,162,655
89,n1039.mha,1,84,744,568
32,n0329.mha,1,21,806,632
49,n1057.mha,1,32,608,442
33,n0346.mha,1,24,905,740
31,n0346.mha,1,37,176,758
37,n0346.mha,1,40,193,805
34,n0742.mha,1,30,193,411
62,n0708.mha,1,67,302,487
71,n0135.mha,1,61,312,591
57,n0866.mha,1,77,604,633
28,n0888.mha,1,30,212,521
25,n0888.mha,1,21,228,751
14,n0888.mha,1,14,747,331
73,n0547.mha,1,64,309,438
46,n0562.mha,1,52,766,658
77,n0562.mha,1,93,324,472
56,n0132.mha,1,56,184,476
84,n0108.mha,1,84,249,692
41,n0605.mha,1,35,203,568
89,n0613.mha,1,88,312,415
81,n0613.mha,1,71,558,481
39,n0613.mha,1,38,816,651
48,n0210.mha,1,48,770,447
26,n0975.mha,1,26,841,799
52,n0322.mha,1,45,230,405
93,n0568.mha,1,81,149,675
41,n0209.mha,1,36,751,552
67,n0466.mha,1,55,405,571
73,n0928.mha,1,69,348,542
68,n1020.mha,1,54,629,728
51,n1083.mha,1,41,808,558
71,n0794.mha,1,81,645,403
44,n0246.mha,1,55,187,611
27,n0010.mha,1,26,693,211
32,n0090.mha,1,30,759,452
65,n0165.mha,1,74,312,309
115,n1086.mha,1,120,648,498
175,n1086.mha,1,146,102,676
88,n0361.mha,1,72,357,249
55,n0958.mha,1,54,722,319
78,n0958.mha,1,80,258,480
79,n0958.mha,1,76,659,423
61,n0404.mha,1,55,719,442
41,n0290.mha,1,37,743,702
26,n0521.mha,1,1,835,733
31,n0521.mha,1,45,665,258
50,n0066.mha,1,50,319,611
55,n0506.mha,1,50,774,356
72,n0506.mha,1,65,785,441
48,n0506.mha,1,54,732,584
114,n0423.mha,1,124,645,459
37,n0423.mha,1,39,169,437
51,n1105.mha,1,50,375,604
45,n1105.mha,1,51,720,316
47,n0035.mha,1,59,299,425
56,n0667.mha,1,53,629,333
62,n1117.mha,1,51,367,467
69,n0571.mha,1,48,748,763
53,n0369.mha,1,45,864,631
55,n0369.mha,1,63,755,541
47,n0219.mha,1,56,238,473
41,n0149.mha,1,33,783,505
78,n0149.mha,1,69,600,790
65,n0149.mha,1,57,688,810
38,n0983.mha,1,49,629,290
41,n0837.mha,1,44,831,521
47,n0837.mha,1,38,821,704
27,n0852.mha,1,36,714,294
47,n0281.mha,1,42,662,728
41,n0281.mha,1,42,271,514
38,n0232.mha,1,41,726,353
62,n0232.mha,1,54,153,731
81,n0918.mha,1,71,744,653
93,n0001.mha,1,108,709,408
86,n0522.mha,1,78,615,587
61,n0607.mha,1,61,625,311
50,n0607.mha,1,59,325,684
36,n0706.mha,1,24,792,300
40,n0706.mha,1,43,847,326
42,n0316.mha,1,46,812,708
42,n0142.mha,1,34,726,379
57,n0142.mha,1,62,274,238
36,n0074.mha,1,34,247,480
64,n0074.mha,1,97,218,627
41,n1001.mha,1,41,178,606
60,n1001.mha,1,38,200,707
62,n1001.mha,1,48,234,742
70,n1081.mha,1,68,642,618
97,n0967.mha,1,88,335,413
65,n0045.mha,1,68,678,602
38,n0045.mha,1,46,705,677
52,n0045.mha,1,44,710,726
52,n0739.mha,1,45,806,657
108,n0890.mha,1,105,213,557
50,n0890.mha,1,47,804,684
82,n0362.mha,1,57,258,591
58,n0488.mha,1,76,761,615
65,n0856.mha,1,100,210,566
100,n0040.mha,1,89,271,607
26,n0107.mha,1,36,186,416
86,n0324.mha,1,79,188,455
60,n0242.mha,1,88,290,451
118,n0242.mha,1,106,165,481
39,n0086.mha,1,28,778,450
55,n0348.mha,1,56,237,617
49,n0348.mha,1,48,149,762
55,n0348.mha,1,54,279,817
55,n0578.mha,1,76,786,432
98,n0578.mha,1,107,766,615
48,n0315.mha,1,57,771,592
59,n0262.mha,1,49,212,324
76,n0262.mha,1,87,246,398
47,n0262.mha,1,47,152,503
35,n1116.mha,1,38,241,538
82,n0039.mha,1,69,729,452
40,n0039.mha,1,46,718,234
31,n0759.mha,1,31,224,425
19,n0771.mha,1,24,261,348
109,n1055.mha,1,101,348,342
85,n1055.mha,1,76,266,643
59,n1055.mha,1,50,616,715
50,n0110.mha,1,43,742,419
65,n1074.mha,1,56,640,445
44,n0544.mha,1,42,240,646
42,n0845.mha,1,53,640,310
13,n0845.mha,1,14,266,393
119,n0927.mha,1,101,205,724
74,n0927.mha,1,85,253,474
131,n0927.mha,1,145,260,605
64,n0464.mha,1,65,665,595
59,n0190.mha,1,49,702,493
58,n0190.mha,1,54,784,669
49,n0190.mha,1,51,207,586
50,n0546.mha,1,45,286,646
47,n0546.mha,1,53,198,684
31,n0546.mha,1,30,169,474
84,n0652.mha,1,68,786,327
77,n0652.mha,1,82,328,204
51,n0652.mha,1,77,142,422
51,n1118.mha,1,37,355,382
47,n1118.mha,1,45,200,632
30,n0237.mha,1,36,736,371
80,n0957.mha,1,76,585,760
77,n0957.mha,1,70,238,630
49,n0016.mha,1,42,339,354
93,n0879.mha,1,76,145,833
41,n0879.mha,1,57,159,766
79,n0879.mha,1,61,862,711
43,n0833.mha,1,31,277,253
36,n0312.mha,1,37,432,292
39,n1027.mha,1,34,719,403
33,n1027.mha,1,30,819,435
34,n0286.mha,1,35,220,467
54,n0935.mha,1,56,288,376
43,n0935.mha,1,36,238,583
66,n0175.mha,1,52,235,417
50,n0682.mha,1,48,225,476
41,n0682.mha,1,40,769,473
76,n0682.mha,1,84,598,614
41,n0698.mha,1,47,234,653
91,n1071.mha,1,68,702,692
50,n0528.mha,1,37,312,371
24,n0263.mha,1,29,857,614
69,n0905.mha,1,60,701,443
39,n0788.mha,1,38,771,795
50,n0385.mha,1,49,736,395
53,n0385.mha,1,40,730,552
33,n0872.mha,1,51,343,359
74,n0520.mha,1,93,781,540
75,n0654.mha,1,102,303,519
61,n0654.mha,1,64,137,639
81,n0917.mha,1,61,795,389
69,n0917.mha,1,55,777,631
36,n0158.mha,1,36,292,560
95,n0515.mha,1,92,285,600
43,n0898.mha,1,39,336,473
129,n0898.mha,1,103,199,539
70,n0898.mha,1,124,698,508
33,n1121.mha,1,27,806,709
29,n1121.mha,1,30,155,784
38,n0003.mha,1,54,737,698
46,n0943.mha,1,38,681,372
39,n0943.mha,1,39,742,546
43,n0098.mha,1,33,795,250
37,n0410.mha,1,46,219,615
50,n0499.mha,1,54,141,519
66,n0777.mha,1,66,232,537
81,n0240.mha,1,80,205,549
52,n0319.mha,1,43,184,379
34,n0807.mha,1,34,788,716
40,n0870.mha,1,37,294,267
46,n0465.mha,1,43,155,584
48,n1111.mha,1,49,224,522
69,n1048.mha,1,58,788,690
71,n0908.mha,1,96,186,545
97,n0908.mha,1,95,99,705
125,n0908.mha,1,108,695,561
37,n0011.mha,1,34,271,381
83,n0536.mha,1,78,166,569
99,n0787.mha,1,94,649,694
48,n0082.mha,1,38,257,185
50,n1019.mha,1,40,252,186
46,n0043.mha,1,49,850,610
99,n0143.mha,1,97,173,426
49,n0859.mha,1,41,60,737
30,n0863.mha,1,41,151,674
97,n0876.mha,1,94,314,195
35,n1076.mha,1,37,274,462
47,n1076.mha,1,29,850,756
121,n0501.mha,1,122,833,685
49,n0116.mha,1,46,153,726
74,n0609.mha,1,47,116,556
54,n0609.mha,1,38,104,648
39,n0713.mha,1,55,181,642
52,n0081.mha,1,59,814,578
63,n0540.mha,1,77,731,252
40,n0924.mha,1,31,752,576
57,n0804.mha,1,66,765,339
50,n0987.mha,1,53,845,495
93,n0576.mha,1,80,170,422
89,n0576.mha,1,108,201,604
66,n0839.mha,1,63,774,620
90,n0339.mha,1,83,886,686
87,n0623.mha,1,82,240,339
101,n0623.mha,1,91,268,591
37,n0982.mha,1,29,789,589
47,n0055.mha,1,32,98,448
79,n0564.mha,1,59,176,741
75,n0228.mha,1,74,824,587
47,n0802.mha,1,45,186,352
51,n0789.mha,1,40,191,266
83,n0830.mha,1,89,370,612
56,n0406.mha,1,52,183,253
55,n0119.mha,1,47,214,548
45,n0119.mha,1,46,187,418
128,n1082.mha,1,135,714,389
65,n1082.mha,1,66,657,287
35,n0161.mha,1,28,165,399
35,n0818.mha,1,32,303,240
46,n0224.mha,1,49,136,680
95,n1090.mha,1,86,728,360
134,n0414.mha,1,136,249,151
60,n0765.mha,1,56,71,623
69,n1134.mha,1,69,256,596
77,n0583.mha,1,55,98,543
47,n0476.mha,1,34,724,294
63,n0172.mha,1,44,216,312
39,n0955.mha,1,39,818,537
45,n0062.mha,1,39,184,465
61,n0877.mha,1,71,693,281
106,n0684.mha,1,90,260,268
65,n0276.mha,1,56,811,573
48,n0786.mha,1,60,211,328
87,n0131.mha,1,75,147,576
41,n1108.mha,1,38,273,244
73,n0196.mha,1,94,824,389
55,n0196.mha,1,79,145,472
60,n0643.mha,1,42,115,673
54,n0880.mha,1,49,696,337
62,n0077.mha,1,60,213,490
54,n0509.mha,1,59,833,731
42,n0347.mha,1,54,148,522
57,n0915.mha,1,42,191,769
74,n1073.mha,1,73,801,326
49,n0821.mha,1,35,210,594
89,n0821.mha,1,47,150,529
67,n0821.mha,1,48,306,724
29,n0671.mha,1,36,246,407
41,n0968.mha,1,47,260,218
55,n0541.mha,1,53,832,601
72,n0431.mha,1,78,246,777
39,n0835.mha,1,31,58,823
84,n0949.mha,1,68,183,535
37,n0658.mha,1,32,151,531
36,n0819.mha,1,36,128,655
66,n0673.mha,1,66,231,371
68,n0304.mha,1,61,127,394
41,n0345.mha,1,35,858,636
67,n1046.mha,1,79,238,250
90,n0922.mha,1,89,195,305
54,n0587.mha,1,46,856,568
34,n0587.mha,1,34,187,624
51,n0216.mha,1,37,157,596
55,n0216.mha,1,75,184,538
79,n0441.mha,1,72,177,405
59,n0096.mha,1,68,366,207
44,n1110.mha,1,34,116,728
39,n0735.mha,1,61,290,535
44,n0810.mha,1,47,134,689
44,n0892.mha,1,45,152,312
77,n1044.mha,1,48,337,604
40,n0669.mha,1,50,228,611
50,n0923.mha,1,44,704,286
87,n0923.mha,1,72,356,440
28,n0413.mha,1,32,869,677
47,n0413.mha,1,32,907,649
30,n0584.mha,1,41,201,358
41,n0120.mha,1,36,853,740
68,n0579.mha,1,52,276,254
55,n1049.mha,1,46,319,218
99,n0146.mha,1,84,90,604
57,n0268.mha,1,53,619,656
49,n0891.mha,1,45,665,662
58,n0428.mha,1,59,201,230
42,n0238.mha,1,56,888,753
121,n0791.mha,1,136,221,386
103,n0214.mha,1,89,170,568
76,n0539.mha,1,72,830,567
61,n0249.mha,1,77,222,237
44,n0260.mha,1,41,190,376
60,n0033.mha,1,50,760,319
55,n0511.mha,1,59,711,428
90,n0439.mha,1,83,796,360
45,n0911.mha,1,35,927,744
107,n1060.mha,1,83,236,778
61,n0255.mha,1,49,193,412
66,n1122.mha,1,56,89,683
51,n1122.mha,1,38,679,405
47,n0432.mha,1,42,197,358
39,n0225.mha,1,39,98,731
74,n1043.mha,1,59,175,651
85,n0504.mha,1,68,79,719
70,n0421.mha,1,73,714,720
89,n1015.mha,1,63,362,563
38,n0248.mha,1,43,821,681
92,n1059.mha,1,93,176,372
96,n1059.mha,1,79,780,350
62,n1059.mha,1,46,711,337
77,n0490.mha,1,64,193,718
63,n0206.mha,1,67,145,396
85,n0668.mha,1,95,736,418
37,n0420.mha,1,35,231,470
89,n0793.mha,1,72,104,700
51,n0300.mha,1,49,286,714
74,n0855.mha,1,55,89,727
43,n0126.mha,1,47,157,609
48,n0037.mha,1,37,786,346
101,n0037.mha,1,91,757,555
53,n0037.mha,1,44,92,817
39,n0330.mha,1,42,94,410
146,n0503.mha,1,115,647,282
56,n0560.mha,1,49,763,352
67,n0042.mha,1,48,845,804
47,n1133.mha,1,49,751,641
54,n0154.mha,1,44,357,375
34,n0154.mha,1,40,237,384
44,n0994.mha,1,44,202,574
53,n0694.mha,1,68,130,691
71,n0694.mha,1,75,222,744
120,n0610.mha,1,99,94,524
43,n0173.mha,1,24,843,601
76,n0755.mha,1,88,719,459
67,n0057.mha,1,66,745,333
49,n0064.mha,1,43,794,354
77,n0061.mha,1,80,713,454
110,n0061.mha,1,109,241,216
34,n0117.mha,1,31,239,203
54,n1013.mha,1,46,914,873
64,n0939.mha,1,47,893,699
51,n0435.mha,1,51,730,225
83,n0213.mha,1,105,354,290
46,n1006.mha,1,39,813,551
67,n0450.mha,1,52,738,343
41,n0100.mha,1,51,737,378
56,n1072.mha,1,39,755,441
44,n1072.mha,1,47,796,553
60,n0372.mha,1,94,165,631
45,n0824.mha,1,50,172,495
57,n0803.mha,1,59,218,377
80,n0932.mha,1,77,188,511
41,n0092.mha,1,30,848,471
43,n0020.mha,1,62,167,558
60,n0326.mha,1,56,218,469
66,n0782.mha,1,65,739,643
70,n0513.mha,1,64,660,276
85,n0393.mha,1,106,194,467
82,n0601.mha,1,64,301,425
49,n0601.mha,1,39,183,529
60,n0601.mha,1,59,626,607
77,n0160.mha,1,69,678,727
65,n0314.mha,1,63,866,748
88,n0659.mha,1,86,270,802
42,n0592.mha,1,35,183,218
148,n0662.mha,1,153,692,579
42,n0038.mha,1,35,150,326
100,n0586.mha,1,64,152,426
47,n0732.mha,1,38,696,443
59,n0088.mha,1,65,334,213
56,n1113.mha,1,45,818,566
56,n0364.mha,1,44,873,671
62,n0679.mha,1,47,271,700
66,n0251.mha,1,73,716,435
46,n0487.mha,1,52,814,717
123,n0569.mha,1,62,723,698
95,n0469.mha,1,90,581,754
38,n0127.mha,1,42,122,627
130,n0663.mha,1,132,792,655
51,n0407.mha,1,49,354,683
67,n0657.mha,1,67,269,345
114,n0729.mha,1,117,197,211
38,n0377.mha,1,40,167,681
88,n0566.mha,1,63,137,396
76,n0904.mha,1,71,108,740
49,n0416.mha,1,39,867,550
73,n0846.mha,1,77,105,720
58,n1127.mha,1,63,791,574
33,n0401.mha,1,44,207,353
53,n0298.mha,1,57,155,606
86,n0703.mha,1,97,705,498
80,n1063.mha,1,100,279,154
73,n0575.mha,1,50,253,683
68,n0167.mha,1,61,847,482
51,n0089.mha,1,40,147,651
59,n0625.mha,1,64,285,421
44,n0478.mha,1,47,234,402
103,n0331.mha,1,65,886,672
79,n0925.mha,1,40,148,373
42,n0883.mha,1,40,242,348
65,n0591.mha,1,64,747,265
82,n0591.mha,1,65,130,708
55,n0868.mha,1,35,812,223
61,n0848.mha,1,66,731,537
66,n0400.mha,1,57,174,603
52,n0598.mha,1,67,163,383
96,n0015.mha,1,92,858,688
61,n0615.mha,1,70,132,407
44,n0183.mha,1,44,776,502
67,n0574.mha,1,72,215,344
58,n0970.mha,1,72,686,380
101,n0507.mha,1,94,178,371
95,n0507.mha,1,83,775,350
58,n0365.mha,1,57,211,661
38,n0510.mha,1,41,355,215
35,n1037.mha,1,35,304,232
43,n0795.mha,1,52,771,596
75,n0692.mha,1,66,116,556
61,n0178.mha,1,61,726,366
62,n0763.mha,1,81,663,413
39,n0338.mha,1,54,365,716
52,n0397.mha,1,49,790,388
84,n0397.mha,1,91,287,459
97,n0557.mha,1,116,650,780
61,n0053.mha,1,60,161,259
138,n0440.mha,1,118,347,238
64,n0537.mha,1,75,240,168
68,n0354.mha,1,44,90,609
59,n0738.mha,1,38,746,334
114,n1100.mha,1,103,672,472
59,n1066.mha,1,51,829,543
65,n0455.mha,1,59,264,607
41,n0121.mha,1,38,244,491
62,n0593.mha,1,55,78,752
75,n0823.mha,1,74,227,455
53,n0137.mha,1,56,792,620
59,n0185.mha,1,48,810,446
41,n0185.mha,1,31,156,633
54,n0318.mha,1,62,292,358
58,n0981.mha,1,55,798,608
58,n0812.mha,1,51,218,566
48,n0212.mha,1,46,199,624
109,n0622.mha,1,138,198,224
69,n0484.mha,1,75,217,744
72,n0756.mha,1,73,214,814
60,n0134.mha,1,60,781,625
50,n0649.mha,1,50,174,444
41,n1075.mha,1,41,225,552
63,n0296.mha,1,62,103,686
34,n0063.mha,1,34,231,548
100,n0278.mha,1,101,244,102
40,n0125.mha,1,40,849,379
43,n0084.mha,1,43,792,474
47,n0325.mha,1,47,241,576
62,n0965.mha,1,62,219,343
37,n0829.mha,1,37,802,460
74,n1016.mha,1,74,193,725
105,n0162.mha,1,104,212,324
67,n0774.mha,1,67,733,466
43,n0269.mha,1,44,153,528
31,n0561.mha,1,30,794,299
52,n1047.mha,1,52,142,412
63,n0408.mha,1,62,226,282
80,n0168.mha,1,80,201,661
53,n0049.mha,1,53,663,684
45,n0136.mha,1,45,787,556
41,n0307.mha,1,42,147,543
103,n0071.mha,1,103,270,788
41,n0245.mha,1,41,214,575
37,n0068.mha,1,37,229,236
100,n0929.mha,1,100,241,748
59,n0489.mha,1,59,169,413
71,n0701.mha,1,71,172,374
38,n0778.mha,1,38,333,101
109,n0792.mha,1,109,638,281
54,n0094.mha,1,55,790,206
33,n0785.mha,1,33,867,583
98,n0719.mha,1,98,637,775
56,n0646.mha,1,56,242,345
49,n0672.mha,1,49,202,256
49,n0070.mha,1,49,249,279
32,n0524.mha,1,32,829,248
53,n1102.mha,1,53,812,520
29,n0029.mha,1,29,243,210
34,n1092.mha,1,34,219,287
67,n0826.mha,1,68,129,493
55,n1022.mha,1,55,99,619
35,n0630.mha,1,35,243,702
37,n0847.mha,1,37,259,478
53,n0554.mha,1,54,725,463
48,n0751.mha,1,48,779,513
71,n0878.mha,1,71,214,315
72,n0773.mha,1,72,323,128
76,n0449.mha,1,75,272,268
91,n0291.mha,1,91,237,231
48,n0411.mha,1,48,254,369
43,n0758.mha,1,44,839,438
49,n0822.mha,1,49,855,662
97,n0463.mha,1,97,626,700
45,n0543.mha,1,45,182,394
55,n0768.mha,1,55,208,540
86,n0551.mha,1,86,661,141
37,n0723.mha,1,37,109,390
42,n0236.mha,1,42,831,273
34,n1129.mha,1,34,226,310
69,n0227.mha,1,68,190,137
39,n0502.mha,1,40,307,119
52,n0244.mha,1,52,708,785
96,n0614.mha,1,96,616,516
111,n0311.mha,1,111,820,612
63,n1005.mha,1,63,145,680
84,n0780.mha,1,84,193,253
62,n0805.mha,1,62,720,189
50,n0985.mha,1,50,151,325
97,n0177.mha,1,97,772,478
37,n0947.mha,1,38,167,315
32,n0730.mha,1,33,237,456
45,n0588.mha,1,45,266,144
35,n0677.mha,1,36,217,566
34,n0508.mha,1,34,858,731
73,n1033.mha,1,73,305,158
57,n0187.mha,1,58,329,195
67,n0163.mha,1,68,216,298
46,n0101.mha,1,46,847,429
69,n0091.mha,1,69,153,321
70,n1115.mha,1,70,753,150
52,n0021.mha,1,51,267,129
54,n0619.mha,1,54,120,798
62,n0179.mha,1,62,791,188
53,n1103.mha,1,53,769,745
47,n0737.mha,1,47,759,203
60,n0942.mha,1,60,365,729
60,n1109.mha,1,60,798,373
92,n0184.mha,1,93,202,254
57,n1091.mha,1,58,211,225
56,n0945.mha,1,56,397,672
37,n0882.mha,1,36,674,727
31,n0741.mha,1,31,791,720
42,n0590.mha,1,41,882,655
54,n0203.mha,1,54,212,651
71,n0182.mha,1,71,689,756
48,n0638.mha,1,48,780,369
51,n1104.mha,1,51,219,595
41,n0148.mha,1,40,147,672
60,n0621.mha,1,60,300,186
56,n0085.mha,1,56,864,754
36,n0444.mha,1,36,148,462
27,n1070.mha,1,26,191,649
104,n0349.mha,1,104,316,467
36,n0678.mha,1,35,125,328
26,n0612.mha,1,26,219,307
28,n0258.mha,1,28,854,566
99,n0145.mha,1,99,351,696
102,n1034.mha,1,102,202,413
44,n0453.mha,1,44,847,562
38,n0633.mha,1,37,758,665
70,n0519.mha,1,70,236,784
27,n0313.mha,1,27,178,344
33,n0479.mha,1,33,342,195
74,n0558.mha,1,75,760,435
45,n0321.mha,1,45,303,97
63,n0931.mha,1,63,826,503
42,n0867.mha,1,42,771,226
42,n0693.mha,1,42,89,513
47,n0002.mha,1,40,804,445
107,n0642.mha,1,112,781,697
49,n0235.mha,1,57,814,717
100,n0366.mha,1,70,916,550
34,n0422.mha,1,43,244,189
52,n1112.mha,1,45,793,679
42,n0078.mha,1,40,674,817
55,n0960.mha,1,38,650,854
101,n0496.mha,1,112,139,505
36,n0616.mha,1,49,783,420
41,n0733.mha,1,44,128,451
59,n0559.mha,1,46,138,532
57,n0320.mha,1,59,207,353
47,n0664.mha,1,42,120,320
72,n0664.mha,1,60,353,394
84,n0006.mha,1,90,335,297
42,n0006.mha,1,52,341,247
61,n0006.mha,1,62,787,701
40,n1004.mha,1,39,166,521
39,n0728.mha,1,34,165,740
75,n0005.mha,1,57,144,485
44,n0555.mha,1,43,316,353
36,n0265.mha,1,25,322,225
48,n0971.mha,1,41,804,482
58,n0936.mha,1,49,824,233
52,n0335.mha,1,52,157,692
40,n0335.mha,1,39,403,244
96,n0153.mha,1,81,207,647
81,n0153.mha,1,84,151,374
99,n0153.mha,1,97,572,747
107,n0724.mha,1,107,641,677
82,n0181.mha,1,72,88,783
44,n1079.mha,1,45,319,280
36,n1050.mha,1,24,176,740
82,n0122.mha,1,70,220,244
46,n0310.mha,1,39,846,592
45,n0310.mha,1,38,300,407
59,n0653.mha,1,68,191,610
48,n0201.mha,1,45,797,642
39,n0644.mha,1,41,212,553
59,n0644.mha,1,60,193,663
53,n0069.mha,1,52,188,562
76,n0974.mha,1,76,859,391
86,n0796.mha,1,82,383,534
74,n0426.mha,1,73,808,480
96,n0445.mha,1,99,147,700
54,n0525.mha,1,49,147,509
49,n0375.mha,1,53,131,517
106,n0636.mha,1,99,183,430
118,n0118.mha,1,105,190,670
35,n0118.mha,1,42,253,515
37,n0080.mha,1,31,891,710
70,n0080.mha,1,64,405,465
0,c0001.mha,0,0,0,0
0,c0025.mha,0,0,0,0
0,c0032.mha,0,0,0,0
0,c0034.mha,0,0,0,0
0,c0050.mha,0,0,0,0
0,c0070.mha,0,0,0,0
0,c0088.mha,0,0,0,0
0,c0089.mha,0,0,0,0
0,c0096.mha,0,0,0,0
0,c0117.mha,0,0,0,0
0,c0125.mha,0,0,0,0
0,c0163.mha,0,0,0,0
0,c0181.mha,0,0,0,0
0,c0196.mha,0,0,0,0
0,c0198.mha,0,0,0,0
0,c0210.mha,0,0,0,0
0,c0220.mha,0,0,0,0
0,c0225.mha,0,0,0,0
0,c0246.mha,0,0,0,0
0,c0271.mha,0,0,0,0
0,c0292.mha,0,0,0,0
0,c0332.mha,0,0,0,0
0,c0337.mha,0,0,0,0
0,c0340.mha,0,0,0,0
0,c0367.mha,0,0,0,0
0,c0369.mha,0,0,0,0
0,c0380.mha,0,0,0,0
0,c0395.mha,0,0,0,0
0,c0440.mha,0,0,0,0
0,c0447.mha,0,0,0,0
0,c0449.mha,0,0,0,0
0,c0453.mha,0,0,0,0
0,c0464.mha,0,0,0,0
0,c0465.mha,0,0,0,0
0,c0495.mha,0,0,0,0
0,c0504.mha,0,0,0,0
0,c0510.mha,0,0,0,0
0,c0550.mha,0,0,0,0
0,c0562.mha,0,0,0,0
0,c0599.mha,0,0,0,0
0,c0600.mha,0,0,0,0
0,c0617.mha,0,0,0,0
0,c0619.mha,0,0,0,0
0,c0634.mha,0,0,0,0
0,c0637.mha,0,0,0,0
0,c0674.mha,0,0,0,0
0,c0690.mha,0,0,0,0
0,c0718.mha,0,0,0,0
0,c0755.mha,0,0,0,0
0,c0763.mha,0,0,0,0
0,c0768.mha,0,0,0,0
0,c0782.mha,0,0,0,0
0,c0799.mha,0,0,0,0
0,c0801.mha,0,0,0,0
0,c0805.mha,0,0,0,0
0,c0829.mha,0,0,0,0
0,c0830.mha,0,0,0,0
0,c0843.mha,0,0,0,0
0,c0858.mha,0,0,0,0
0,c0873.mha,0,0,0,0
0,c0904.mha,0,0,0,0
0,c0919.mha,0,0,0,0
0,c0925.mha,0,0,0,0
0,c0937.mha,0,0,0,0
0,c0950.mha,0,0,0,0
0,c0965.mha,0,0,0,0
0,c0969.mha,0,0,0,0
0,c0978.mha,0,0,0,0
0,c0994.mha,0,0,0,0
0,c1018.mha,0,0,0,0
0,c1023.mha,0,0,0,0
0,c1052.mha,0,0,0,0
0,c1063.mha,0,0,0,0
0,c1097.mha,0,0,0,0
0,c1098.mha,0,0,0,0
0,c1102.mha,0,0,0,0
0,c1112.mha,0,0,0,0
0,c1123.mha,0,0,0,0
0,c1129.mha,0,0,0,0
0,c1156.mha,0,0,0,0
0,c1240.mha,0,0,0,0
0,c1262.mha,0,0,0,0
0,c1350.mha,0,0,0,0
0,c1356.mha,0,0,0,0
0,c1376.mha,0,0,0,0
0,c1389.mha,0,0,0,0
0,c1392.mha,0,0,0,0
0,c1399.mha,0,0,0,0
0,c1415.mha,0,0,0,0
0,c1417.mha,0,0,0,0
0,c1422.mha,0,0,0,0
0,c1435.mha,0,0,0,0
0,c1439.mha,0,0,0,0
0,c1451.mha,0,0,0,0
0,c1456.mha,0,0,0,0
0,c1459.mha,0,0,0,0
0,c1492.mha,0,0,0,0
0,c1512.mha,0,0,0,0
0,c1514.mha,0,0,0,0
0,c1516.mha,0,0,0,0
0,c1538.mha,0,0,0,0
0,c1557.mha,0,0,0,0
0,c1611.mha,0,0,0,0
0,c1646.mha,0,0,0,0
0,c1648.mha,0,0,0,0
0,c1658.mha,0,0,0,0
0,c1671.mha,0,0,0,0
0,c1674.mha,0,0,0,0
0,c1697.mha,0,0,0,0
0,c1703.mha,0,0,0,0
0,c1713.mha,0,0,0,0
0,c1720.mha,0,0,0,0
0,c1725.mha,0,0,0,0
0,c1747.mha,0,0,0,0
0,c1768.mha,0,0,0,0
0,c1781.mha,0,0,0,0
0,c1805.mha,0,0,0,0
0,c1821.mha,0,0,0,0
0,c1824.mha,0,0,0,0
0,c1825.mha,0,0,0,0
0,c1890.mha,0,0,0,0
0,c1892.mha,0,0,0,0
0,c1895.mha,0,0,0,0
0,c1897.mha,0,0,0,0
0,c1901.mha,0,0,0,0
0,c1914.mha,0,0,0,0
0,c1927.mha,0,0,0,0
0,c1964.mha,0,0,0,0
0,c1970.mha,0,0,0,0
0,c1979.mha,0,0,0,0
0,c1997.mha,0,0,0,0
0,c2018.mha,0,0,0,0
0,c2036.mha,0,0,0,0
0,c2037.mha,0,0,0,0
0,c2065.mha,0,0,0,0
0,c2081.mha,0,0,0,0
0,c2088.mha,0,0,0,0
0,c2098.mha,0,0,0,0
0,c2160.mha,0,0,0,0
0,c2200.mha,0,0,0,0
0,c2205.mha,0,0,0,0
0,c2209.mha,0,0,0,0
0,c2211.mha,0,0,0,0
0,c2212.mha,0,0,0,0
0,c2214.mha,0,0,0,0
0,c2222.mha,0,0,0,0
0,c2236.mha,0,0,0,0
0,c2243.mha,0,0,0,0
0,c2247.mha,0,0,0,0
0,c2253.mha,0,0,0,0
0,c2254.mha,0,0,0,0
0,c2267.mha,0,0,0,0
0,c2290.mha,0,0,0,0
0,c2297.mha,0,0,0,0
0,c2318.mha,0,0,0,0
0,c2321.mha,0,0,0,0
0,c2333.mha,0,0,0,0
0,c2388.mha,0,0,0,0
0,c2402.mha,0,0,0,0
0,c2411.mha,0,0,0,0
0,c2424.mha,0,0,0,0
0,c2468.mha,0,0,0,0
0,c2480.mha,0,0,0,0
0,c2504.mha,0,0,0,0
0,c2509.mha,0,0,0,0
0,c2523.mha,0,0,0,0
0,c2534.mha,0,0,0,0
0,c2551.mha,0,0,0,0
0,c2558.mha,0,0,0,0
0,c2562.mha,0,0,0,0
0,c2577.mha,0,0,0,0
0,c2594.mha,0,0,0,0
0,c2604.mha,0,0,0,0
0,c2614.mha,0,0,0,0
0,c2634.mha,0,0,0,0
0,c2640.mha,0,0,0,0
0,c2643.mha,0,0,0,0
0,c2657.mha,0,0,0,0
0,c2699.mha,0,0,0,0
0,c2713.mha,0,0,0,0
0,c2718.mha,0,0,0,0
0,c2764.mha,0,0,0,0
0,c2771.mha,0,0,0,0
0,c2788.mha,0,0,0,0
0,c2790.mha,0,0,0,0
0,c2812.mha,0,0,0,0
0,c2843.mha,0,0,0,0
0,c2844.mha,0,0,0,0
0,c2852.mha,0,0,0,0
0,c2860.mha,0,0,0,0
0,c2899.mha,0,0,0,0
0,c2906.mha,0,0,0,0
0,c2928.mha,0,0,0,0
0,c2930.mha,0,0,0,0
0,c2931.mha,0,0,0,0
0,c2933.mha,0,0,0,0
0,c2938.mha,0,0,0,0
0,c2950.mha,0,0,0,0
0,c2953.mha,0,0,0,0
0,c2958.mha,0,0,0,0
0,c2993.mha,0,0,0,0
0,c2995.mha,0,0,0,0
0,c3027.mha,0,0,0,0
0,c3061.mha,0,0,0,0
0,c3087.mha,0,0,0,0
0,c3099.mha,0,0,0,0
0,c3100.mha,0,0,0,0
0,c3104.mha,0,0,0,0
0,c3105.mha,0,0,0,0
0,c3117.mha,0,0,0,0
0,c3126.mha,0,0,0,0
0,c3149.mha,0,0,0,0
0,c3167.mha,0,0,0,0
0,c3172.mha,0,0,0,0
0,c3175.mha,0,0,0,0
0,c3190.mha,0,0,0,0
0,c3196.mha,0,0,0,0
0,c3204.mha,0,0,0,0
0,c3206.mha,0,0,0,0
0,c3220.mha,0,0,0,0
0,c3227.mha,0,0,0,0
0,c3228.mha,0,0,0,0
0,c3285.mha,0,0,0,0
0,c3320.mha,0,0,0,0
0,c3334.mha,0,0,0,0
0,c3354.mha,0,0,0,0
0,c3385.mha,0,0,0,0
0,c3391.mha,0,0,0,0
0,c3394.mha,0,0,0,0
0,c3415.mha,0,0,0,0
0,c3419.mha,0,0,0,0
0,c3423.mha,0,0,0,0
0,c3424.mha,0,0,0,0
0,c3426.mha,0,0,0,0
0,c3428.mha,0,0,0,0
0,c3429.mha,0,0,0,0
0,c3440.mha,0,0,0,0
0,c3453.mha,0,0,0,0
0,c3456.mha,0,0,0,0
0,c3457.mha,0,0,0,0
0,c3462.mha,0,0,0,0
0,c3465.mha,0,0,0,0
0,c3473.mha,0,0,0,0
0,c3483.mha,0,0,0,0
0,c3488.mha,0,0,0,0
0,c3506.mha,0,0,0,0
0,c3507.mha,0,0,0,0
0,c3515.mha,0,0,0,0
0,c3518.mha,0,0,0,0
0,c3522.mha,0,0,0,0
0,c3528.mha,0,0,0,0
0,c3551.mha,0,0,0,0
0,c3569.mha,0,0,0,0
0,c3570.mha,0,0,0,0
0,c3577.mha,0,0,0,0
0,c3599.mha,0,0,0,0
0,c3612.mha,0,0,0,0
0,c3615.mha,0,0,0,0
0,c3651.mha,0,0,0,0
0,c3684.mha,0,0,0,0
0,c3688.mha,0,0,0,0
0,c3693.mha,0,0,0,0
0,c3729.mha,0,0,0,0
0,c3786.mha,0,0,0,0
0,c3813.mha,0,0,0,0
0,c3824.mha,0,0,0,0
0,c3827.mha,0,0,0,0
0,c3850.mha,0,0,0,0
0,c3855.mha,0,0,0,0
0,c3873.mha,0,0,0,0
0,c3884.mha,0,0,0,0
0,c3885.mha,0,0,0,0
0,c0006.mha,0,0,0,0
0,c0010.mha,0,0,0,0
0,c0027.mha,0,0,0,0
0,c0038.mha,0,0,0,0
0,c0043.mha,0,0,0,0
0,c0046.mha,0,0,0,0
0,c0049.mha,0,0,0,0
0,c0051.mha,0,0,0,0
0,c0069.mha,0,0,0,0
0,c0077.mha,0,0,0,0
0,c0085.mha,0,0,0,0
0,c0119.mha,0,0,0,0
0,c0126.mha,0,0,0,0
0,c0138.mha,0,0,0,0
0,c0142.mha,0,0,0,0
0,c0162.mha,0,0,0,0
0,c0167.mha,0,0,0,0
0,c0174.mha,0,0,0,0
0,c0192.mha,0,0,0,0
0,c0201.mha,0,0,0,0
0,c0207.mha,0,0,0,0
0,c0237.mha,0,0,0,0
0,c0245.mha,0,0,0,0
0,c0267.mha,0,0,0,0
0,c0270.mha,0,0,0,0
0,c0277.mha,0,0,0,0
0,c0287.mha,0,0,0,0
0,c0321.mha,0,0,0,0
0,c0347.mha,0,0,0,0
0,c0374.mha,0,0,0,0
0,c0387.mha,0,0,0,0
0,c0394.mha,0,0,0,0
0,c0400.mha,0,0,0,0
0,c0410.mha,0,0,0,0
0,c0412.mha,0,0,0,0
0,c0415.mha,0,0,0,0
0,c0418.mha,0,0,0,0
0,c0477.mha,0,0,0,0
0,c0478.mha,0,0,0,0
0,c0488.mha,0,0,0,0
0,c0516.mha,0,0,0,0
0,c0517.mha,0,0,0,0
0,c0520.mha,0,0,0,0
0,c0526.mha,0,0,0,0
0,c0529.mha,0,0,0,0
0,c0530.mha,0,0,0,0
0,c0535.mha,0,0,0,0
0,c0541.mha,0,0,0,0
0,c0551.mha,0,0,0,0
0,c0564.mha,0,0,0,0
0,c0597.mha,0,0,0,0
0,c0604.mha,0,0,0,0
0,c0609.mha,0,0,0,0
0,c0611.mha,0,0,0,0
0,c0622.mha,0,0,0,0
0,c0648.mha,0,0,0,0
0,c0655.mha,0,0,0,0
0,c0700.mha,0,0,0,0
0,c0722.mha,0,0,0,0
0,c0727.mha,0,0,0,0
0,c0737.mha,0,0,0,0
0,c0740.mha,0,0,0,0
0,c0741.mha,0,0,0,0
0,c0746.mha,0,0,0,0
0,c0749.mha,0,0,0,0
0,c0751.mha,0,0,0,0
0,c0756.mha,0,0,0,0
0,c0757.mha,0,0,0,0
0,c0775.mha,0,0,0,0
0,c0780.mha,0,0,0,0
0,c0806.mha,0,0,0,0
0,c0817.mha,0,0,0,0
0,c0822.mha,0,0,0,0
0,c0840.mha,0,0,0,0
0,c0854.mha,0,0,0,0
0,c0862.mha,0,0,0,0
0,c0863.mha,0,0,0,0
0,c0868.mha,0,0,0,0
0,c0872.mha,0,0,0,0
0,c0885.mha,0,0,0,0
0,c0909.mha,0,0,0,0
0,c0923.mha,0,0,0,0
0,c0936.mha,0,0,0,0
0,c0945.mha,0,0,0,0
0,c1010.mha,0,0,0,0
0,c1012.mha,0,0,0,0
0,c1016.mha,0,0,0,0
0,c1017.mha,0,0,0,0
0,c1033.mha,0,0,0,0
0,c1050.mha,0,0,0,0
0,c1062.mha,0,0,0,0
0,c1083.mha,0,0,0,0
0,c1093.mha,0,0,0,0
0,c1107.mha,0,0,0,0
0,c1108.mha,0,0,0,0
0,c1119.mha,0,0,0,0
0,c1127.mha,0,0,0,0
0,c1140.mha,0,0,0,0
0,c1157.mha,0,0,0,0
0,c1160.mha,0,0,0,0
0,c1166.mha,0,0,0,0
0,c1172.mha,0,0,0,0
0,c1183.mha,0,0,0,0
0,c1188.mha,0,0,0,0
0,c1203.mha,0,0,0,0
0,c1238.mha,0,0,0,0
0,c1263.mha,0,0,0,0
0,c1266.mha,0,0,0,0
0,c1293.mha,0,0,0,0
0,c1310.mha,0,0,0,0
0,c1312.mha,0,0,0,0
0,c1344.mha,0,0,0,0
0,c1374.mha,0,0,0,0
0,c1388.mha,0,0,0,0
0,c1396.mha,0,0,0,0
0,c1402.mha,0,0,0,0
0,c1404.mha,0,0,0,0
0,c1407.mha,0,0,0,0
0,c1408.mha,0,0,0,0
0,c1428.mha,0,0,0,0
0,c1464.mha,0,0,0,0
0,c1478.mha,0,0,0,0
0,c1482.mha,0,0,0,0
0,c1497.mha,0,0,0,0
0,c1498.mha,0,0,0,0
0,c1501.mha,0,0,0,0
0,c1504.mha,0,0,0,0
0,c1507.mha,0,0,0,0
0,c1511.mha,0,0,0,0
0,c1528.mha,0,0,0,0
0,c1529.mha,0,0,0,0
0,c1531.mha,0,0,0,0
0,c1532.mha,0,0,0,0
0,c1534.mha,0,0,0,0
0,c1535.mha,0,0,0,0
0,c1537.mha,0,0,0,0
0,c1542.mha,0,0,0,0
0,c1545.mha,0,0,0,0
0,c1548.mha,0,0,0,0
0,c1560.mha,0,0,0,0
0,c1571.mha,0,0,0,0
0,c1576.mha,0,0,0,0
0,c1593.mha,0,0,0,0
0,c1596.mha,0,0,0,0
0,c1599.mha,0,0,0,0
0,c1601.mha,0,0,0,0
0,c1608.mha,0,0,0,0
0,c1619.mha,0,0,0,0
0,c1653.mha,0,0,0,0
0,c1662.mha,0,0,0,0
0,c1665.mha,0,0,0,0
0,c1676.mha,0,0,0,0
0,c1695.mha,0,0,0,0
0,c1719.mha,0,0,0,0
0,c1724.mha,0,0,0,0
0,c1727.mha,0,0,0,0
0,c1746.mha,0,0,0,0
0,c1755.mha,0,0,0,0
0,c1773.mha,0,0,0,0
0,c1774.mha,0,0,0,0
0,c1777.mha,0,0,0,0
0,c1809.mha,0,0,0,0
0,c1835.mha,0,0,0,0
0,c1836.mha,0,0,0,0
0,c1838.mha,0,0,0,0
0,c1839.mha,0,0,0,0
0,c1840.mha,0,0,0,0
0,c1857.mha,0,0,0,0
0,c1858.mha,0,0,0,0
0,c1862.mha,0,0,0,0
0,c1874.mha,0,0,0,0
0,c1876.mha,0,0,0,0
0,c1880.mha,0,0,0,0
0,c1882.mha,0,0,0,0
0,c1909.mha,0,0,0,0
0,c1918.mha,0,0,0,0
0,c1919.mha,0,0,0,0
0,c1921.mha,0,0,0,0
0,c1934.mha,0,0,0,0
0,c1942.mha,0,0,0,0
0,c1943.mha,0,0,0,0
0,c1944.mha,0,0,0,0
0,c1992.mha,0,0,0,0
0,c1998.mha,0,0,0,0
0,c2005.mha,0,0,0,0
0,c2009.mha,0,0,0,0
0,c2026.mha,0,0,0,0
0,c2027.mha,0,0,0,0
0,c2053.mha,0,0,0,0
0,c2054.mha,0,0,0,0
0,c2066.mha,0,0,0,0
0,c2069.mha,0,0,0,0
0,c2072.mha,0,0,0,0
0,c2096.mha,0,0,0,0
0,c2101.mha,0,0,0,0
0,c2114.mha,0,0,0,0
0,c2122.mha,0,0,0,0
0,c2123.mha,0,0,0,0
0,c2124.mha,0,0,0,0
0,c2125.mha,0,0,0,0
0,c2137.mha,0,0,0,0
0,c2158.mha,0,0,0,0
0,c2164.mha,0,0,0,0
0,c2165.mha,0,0,0,0
0,c2167.mha,0,0,0,0
0,c2184.mha,0,0,0,0
0,c2191.mha,0,0,0,0
0,c2196.mha,0,0,0,0
0,c2202.mha,0,0,0,0
0,c2223.mha,0,0,0,0
0,c2249.mha,0,0,0,0
0,c2252.mha,0,0,0,0
0,c2261.mha,0,0,0,0
0,c2280.mha,0,0,0,0
0,c2283.mha,0,0,0,0
0,c2315.mha,0,0,0,0
0,c2329.mha,0,0,0,0
0,c2330.mha,0,0,0,0
0,c2347.mha,0,0,0,0
0,c2352.mha,0,0,0,0
0,c2355.mha,0,0,0,0
0,c2371.mha,0,0,0,0
0,c2386.mha,0,0,0,0
0,c2392.mha,0,0,0,0
0,c2430.mha,0,0,0,0
0,c2434.mha,0,0,0,0
0,c2438.mha,0,0,0,0
0,c2442.mha,0,0,0,0
0,c2467.mha,0,0,0,0
0,c2490.mha,0,0,0,0
0,c2526.mha,0,0,0,0
0,c2528.mha,0,0,0,0
0,c2550.mha,0,0,0,0
0,c2556.mha,0,0,0,0
0,c2563.mha,0,0,0,0
0,c2573.mha,0,0,0,0
0,c2574.mha,0,0,0,0
0,c2585.mha,0,0,0,0
0,c2593.mha,0,0,0,0
0,c2597.mha,0,0,0,0
0,c2607.mha,0,0,0,0
0,c2610.mha,0,0,0,0
0,c2619.mha,0,0,0,0
0,c2623.mha,0,0,0,0
0,c2626.mha,0,0,0,0
0,c2641.mha,0,0,0,0
0,c2683.mha,0,0,0,0
0,c2693.mha,0,0,0,0
0,c2696.mha,0,0,0,0
0,c2703.mha,0,0,0,0
0,c2716.mha,0,0,0,0
0,c2717.mha,0,0,0,0
0,c2722.mha,0,0,0,0
0,c2725.mha,0,0,0,0
0,c2734.mha,0,0,0,0
0,c2739.mha,0,0,0,0
0,c2744.mha,0,0,0,0
0,c2748.mha,0,0,0,0
0,c2785.mha,0,0,0,0
0,c2796.mha,0,0,0,0
0,c2798.mha,0,0,0,0
0,c2847.mha,0,0,0,0
0,c2883.mha,0,0,0,0
0,c2889.mha,0,0,0,0
0,c2896.mha,0,0,0,0
0,c2897.mha,0,0,0,0
0,c2904.mha,0,0,0,0
0,c2915.mha,0,0,0,0
0,c2925.mha,0,0,0,0
0,c2941.mha,0,0,0,0
0,c2952.mha,0,0,0,0
0,c2978.mha,0,0,0,0
0,c2994.mha,0,0,0,0
0,c3022.mha,0,0,0,0
0,c3030.mha,0,0,0,0
0,c3033.mha,0,0,0,0
0,c3039.mha,0,0,0,0
0,c3068.mha,0,0,0,0
0,c3079.mha,0,0,0,0
0,c3103.mha,0,0,0,0
0,c3113.mha,0,0,0,0
0,c3118.mha,0,0,0,0
0,c3133.mha,0,0,0,0
0,c3155.mha,0,0,0,0
0,c3156.mha,0,0,0,0
0,c3165.mha,0,0,0,0
0,c3180.mha,0,0,0,0
0,c3185.mha,0,0,0,0
0,c3197.mha,0,0,0,0
0,c3203.mha,0,0,0,0
0,c3210.mha,0,0,0,0
0,c3212.mha,0,0,0,0
0,c3214.mha,0,0,0,0
0,c3235.mha,0,0,0,0
0,c3237.mha,0,0,0,0
0,c3241.mha,0,0,0,0
0,c3249.mha,0,0,0,0
0,c3265.mha,0,0,0,0
0,c3274.mha,0,0,0,0
0,c3276.mha,0,0,0,0
0,c3280.mha,0,0,0,0
0,c3300.mha,0,0,0,0
0,c3301.mha,0,0,0,0
0,c3303.mha,0,0,0,0
0,c3313.mha,0,0,0,0
0,c3316.mha,0,0,0,0
0,c3325.mha,0,0,0,0
0,c3342.mha,0,0,0,0
0,c3350.mha,0,0,0,0
0,c3356.mha,0,0,0,0
0,c3363.mha,0,0,0,0
0,c3400.mha,0,0,0,0
0,c3414.mha,0,0,0,0
0,c3442.mha,0,0,0,0
0,c3452.mha,0,0,0,0
0,c3463.mha,0,0,0,0
0,c3478.mha,0,0,0,0
0,c3535.mha,0,0,0,0
0,c3607.mha,0,0,0,0
0,c3619.mha,0,0,0,0
0,c3648.mha,0,0,0,0
0,c3660.mha,0,0,0,0
0,c3661.mha,0,0,0,0
0,c3668.mha,0,0,0,0
0,c3678.mha,0,0,0,0
0,c3681.mha,0,0,0,0
0,c3685.mha,0,0,0,0
0,c3700.mha,0,0,0,0
0,c3704.mha,0,0,0,0
0,c3710.mha,0,0,0,0
0,c3735.mha,0,0,0,0
0,c3748.mha,0,0,0,0
0,c3750.mha,0,0,0,0
0,c3756.mha,0,0,0,0
0,c3757.mha,0,0,0,0
0,c3767.mha,0,0,0,0
0,c3792.mha,0,0,0,0
0,c3800.mha,0,0,0,0
0,c3814.mha,0,0,0,0
0,c3820.mha,0,0,0,0
0,c3837.mha,0,0,0,0
0,c3869.mha,0,0,0,0
0,c3874.mha,0,0,0,0
0,c3895.mha,0,0,0,0
0,c0346.mha,0,0,0,0
0,c0413.mha,0,0,0,0
0,c0924.mha,0,0,0,0
0,c1179.mha,0,0,0,0
0,c1189.mha,0,0,0,0
0,c1205.mha,0,0,0,0
0,c1816.mha,0,0,0,0
0,c1831.mha,0,0,0,0
0,c2276.mha,0,0,0,0
0,c2548.mha,0,0,0,0
0,c2900.mha,0,0,0,0
0,c3146.mha,0,0,0,0
0,c3248.mha,0,0,0,0
0,c3250.mha,0,0,0,0
0,c3348.mha,0,0,0,0
0,c3672.mha,0,0,0,0
0,c3851.mha,0,0,0,0
0,c3877.mha,0,0,0,0
0,c0020.mha,0,0,0,0
0,c0023.mha,0,0,0,0
0,c0039.mha,0,0,0,0
0,c0074.mha,0,0,0,0
0,c0075.mha,0,0,0,0
0,c0078.mha,0,0,0,0
0,c0094.mha,0,0,0,0
0,c0106.mha,0,0,0,0
0,c0151.mha,0,0,0,0
0,c0152.mha,0,0,0,0
0,c0160.mha,0,0,0,0
0,c0168.mha,0,0,0,0
0,c0170.mha,0,0,0,0
0,c0185.mha,0,0,0,0
0,c0203.mha,0,0,0,0
0,c0272.mha,0,0,0,0
0,c0273.mha,0,0,0,0
0,c0275.mha,0,0,0,0
0,c0278.mha,0,0,0,0
0,c0289.mha,0,0,0,0
0,c0296.mha,0,0,0,0
0,c0316.mha,0,0,0,0
0,c0317.mha,0,0,0,0
0,c0319.mha,0,0,0,0
0,c0328.mha,0,0,0,0
0,c0355.mha,0,0,0,0
0,c0382.mha,0,0,0,0
0,c0414.mha,0,0,0,0
0,c0427.mha,0,0,0,0
0,c0467.mha,0,0,0,0
0,c0471.mha,0,0,0,0
0,c0496.mha,0,0,0,0
0,c0559.mha,0,0,0,0
0,c0569.mha,0,0,0,0
0,c0572.mha,0,0,0,0
0,c0573.mha,0,0,0,0
0,c0590.mha,0,0,0,0
0,c0594.mha,0,0,0,0
0,c0595.mha,0,0,0,0
0,c0612.mha,0,0,0,0
0,c0635.mha,0,0,0,0
0,c0651.mha,0,0,0,0
0,c0676.mha,0,0,0,0
0,c0689.mha,0,0,0,0
0,c0692.mha,0,0,0,0
0,c0706.mha,0,0,0,0
0,c0708.mha,0,0,0,0
0,c0716.mha,0,0,0,0
0,c0742.mha,0,0,0,0
0,c0748.mha,0,0,0,0
0,c0769.mha,0,0,0,0
0,c0783.mha,0,0,0,0
0,c0785.mha,0,0,0,0
0,c0828.mha,0,0,0,0
0,c0857.mha,0,0,0,0
0,c0869.mha,0,0,0,0
0,c0879.mha,0,0,0,0
0,c0882.mha,0,0,0,0
0,c0906.mha,0,0,0,0
0,c0920.mha,0,0,0,0
0,c0938.mha,0,0,0,0
0,c0955.mha,0,0,0,0
0,c0957.mha,0,0,0,0
0,c0967.mha,0,0,0,0
0,c0988.mha,0,0,0,0
0,c0991.mha,0,0,0,0
0,c1001.mha,0,0,0,0
0,c1006.mha,0,0,0,0
0,c1024.mha,0,0,0,0
0,c1049.mha,0,0,0,0
0,c1053.mha,0,0,0,0
0,c1057.mha,0,0,0,0
0,c1073.mha,0,0,0,0
0,c1075.mha,0,0,0,0
0,c1103.mha,0,0,0,0
0,c1142.mha,0,0,0,0
0,c1147.mha,0,0,0,0
0,c1149.mha,0,0,0,0
0,c1162.mha,0,0,0,0
0,c1163.mha,0,0,0,0
0,c1177.mha,0,0,0,0
0,c1180.mha,0,0,0,0
0,c1181.mha,0,0,0,0
0,c1192.mha,0,0,0,0
0,c1196.mha,0,0,0,0
0,c1200.mha,0,0,0,0
0,c1217.mha,0,0,0,0
0,c1224.mha,0,0,0,0
0,c1241.mha,0,0,0,0
0,c1247.mha,0,0,0,0
0,c1260.mha,0,0,0,0
0,c1264.mha,0,0,0,0
0,c1282.mha,0,0,0,0
0,c1314.mha,0,0,0,0
0,c1318.mha,0,0,0,0
0,c1323.mha,0,0,0,0
0,c1326.mha,0,0,0,0
0,c1329.mha,0,0,0,0
0,c1338.mha,0,0,0,0
0,c1345.mha,0,0,0,0
0,c1358.mha,0,0,0,0
0,c1390.mha,0,0,0,0
0,c1391.mha,0,0,0,0
0,c1393.mha,0,0,0,0
0,c1419.mha,0,0,0,0
0,c1421.mha,0,0,0,0
0,c1423.mha,0,0,0,0
0,c1427.mha,0,0,0,0
0,c1437.mha,0,0,0,0
0,c1458.mha,0,0,0,0
0,c1468.mha,0,0,0,0
0,c1489.mha,0,0,0,0
0,c1496.mha,0,0,0,0
0,c1539.mha,0,0,0,0
0,c1561.mha,0,0,0,0
0,c1562.mha,0,0,0,0
0,c1568.mha,0,0,0,0
0,c1572.mha,0,0,0,0
0,c1592.mha,0,0,0,0
0,c1600.mha,0,0,0,0
0,c1654.mha,0,0,0,0
0,c1663.mha,0,0,0,0
0,c1682.mha,0,0,0,0
0,c1688.mha,0,0,0,0
0,c1696.mha,0,0,0,0
0,c1704.mha,0,0,0,0
0,c1739.mha,0,0,0,0
0,c1783.mha,0,0,0,0
0,c1786.mha,0,0,0,0
0,c1787.mha,0,0,0,0
0,c1800.mha,0,0,0,0
0,c1807.mha,0,0,0,0
0,c1817.mha,0,0,0,0
0,c1877.mha,0,0,0,0
0,c1900.mha,0,0,0,0
0,c1913.mha,0,0,0,0
0,c1930.mha,0,0,0,0
0,c1931.mha,0,0,0,0
0,c1940.mha,0,0,0,0
0,c1956.mha,0,0,0,0
0,c1962.mha,0,0,0,0
0,c1981.mha,0,0,0,0
0,c1983.mha,0,0,0,0
0,c1984.mha,0,0,0,0
0,c1993.mha,0,0,0,0
0,c2010.mha,0,0,0,0
0,c2015.mha,0,0,0,0
0,c2023.mha,0,0,0,0
0,c2034.mha,0,0,0,0
0,c2041.mha,0,0,0,0
0,c2080.mha,0,0,0,0
0,c2092.mha,0,0,0,0
0,c2094.mha,0,0,0,0
0,c2119.mha,0,0,0,0
0,c2121.mha,0,0,0,0
0,c2133.mha,0,0,0,0
0,c2159.mha,0,0,0,0
0,c2163.mha,0,0,0,0
0,c2170.mha,0,0,0,0
0,c2190.mha,0,0,0,0
0,c2194.mha,0,0,0,0
0,c2213.mha,0,0,0,0
0,c2216.mha,0,0,0,0
0,c2250.mha,0,0,0,0
0,c2256.mha,0,0,0,0
0,c2277.mha,0,0,0,0
0,c2298.mha,0,0,0,0
0,c2316.mha,0,0,0,0
0,c2351.mha,0,0,0,0
0,c2376.mha,0,0,0,0
0,c2384.mha,0,0,0,0
0,c2385.mha,0,0,0,0
0,c2393.mha,0,0,0,0
0,c2412.mha,0,0,0,0
0,c2429.mha,0,0,0,0
0,c2432.mha,0,0,0,0
0,c2445.mha,0,0,0,0
0,c2464.mha,0,0,0,0
0,c2465.mha,0,0,0,0
0,c2474.mha,0,0,0,0
0,c2477.mha,0,0,0,0
0,c2478.mha,0,0,0,0
0,c2481.mha,0,0,0,0
0,c2482.mha,0,0,0,0
0,c2485.mha,0,0,0,0
0,c2498.mha,0,0,0,0
0,c2521.mha,0,0,0,0
0,c2530.mha,0,0,0,0
0,c2531.mha,0,0,0,0
0,c2537.mha,0,0,0,0
0,c2541.mha,0,0,0,0
0,c2542.mha,0,0,0,0
0,c2553.mha,0,0,0,0
0,c2568.mha,0,0,0,0
0,c2582.mha,0,0,0,0
0,c2592.mha,0,0,0,0
0,c2625.mha,0,0,0,0
0,c2632.mha,0,0,0,0
0,c2645.mha,0,0,0,0
0,c2652.mha,0,0,0,0
0,c2669.mha,0,0,0,0
0,c2670.mha,0,0,0,0
0,c2675.mha,0,0,0,0
0,c2701.mha,0,0,0,0
0,c2706.mha,0,0,0,0
0,c2711.mha,0,0,0,0
0,c2733.mha,0,0,0,0
0,c2751.mha,0,0,0,0
0,c2800.mha,0,0,0,0
0,c2810.mha,0,0,0,0
0,c2827.mha,0,0,0,0
0,c2872.mha,0,0,0,0
0,c2876.mha,0,0,0,0
0,c2888.mha,0,0,0,0
0,c2894.mha,0,0,0,0
0,c2914.mha,0,0,0,0
0,c2917.mha,0,0,0,0
0,c2955.mha,0,0,0,0
0,c2965.mha,0,0,0,0
0,c2967.mha,0,0,0,0
0,c2971.mha,0,0,0,0
0,c3006.mha,0,0,0,0
0,c3057.mha,0,0,0,0
0,c3058.mha,0,0,0,0
0,c3086.mha,0,0,0,0
0,c3127.mha,0,0,0,0
0,c3130.mha,0,0,0,0
0,c3145.mha,0,0,0,0
0,c3148.mha,0,0,0,0
0,c3164.mha,0,0,0,0
0,c3174.mha,0,0,0,0
0,c3184.mha,0,0,0,0
0,c3187.mha,0,0,0,0
0,c3194.mha,0,0,0,0
0,c3216.mha,0,0,0,0
0,c3262.mha,0,0,0,0
0,c3269.mha,0,0,0,0
0,c3278.mha,0,0,0,0
0,c3282.mha,0,0,0,0
0,c3306.mha,0,0,0,0
0,c3329.mha,0,0,0,0
0,c3349.mha,0,0,0,0
0,c3382.mha,0,0,0,0
0,c3383.mha,0,0,0,0
0,c3404.mha,0,0,0,0
0,c3408.mha,0,0,0,0
0,c3464.mha,0,0,0,0
0,c3466.mha,0,0,0,0
0,c3476.mha,0,0,0,0
0,c3489.mha,0,0,0,0
0,c3501.mha,0,0,0,0
0,c3517.mha,0,0,0,0
0,c3542.mha,0,0,0,0
0,c3562.mha,0,0,0,0
0,c3563.mha,0,0,0,0
0,c3564.mha,0,0,0,0
0,c3576.mha,0,0,0,0
0,c3608.mha,0,0,0,0
0,c3627.mha,0,0,0,0
0,c3628.mha,0,0,0,0
0,c3643.mha,0,0,0,0
0,c3698.mha,0,0,0,0
0,c3732.mha,0,0,0,0
0,c3746.mha,0,0,0,0
0,c3752.mha,0,0,0,0
0,c3759.mha,0,0,0,0
0,c3769.mha,0,0,0,0
0,c3798.mha,0,0,0,0
0,c3826.mha,0,0,0,0
0,c3829.mha,0,0,0,0
0,c3830.mha,0,0,0,0
0,c3847.mha,0,0,0,0
0,c3867.mha,0,0,0,0
0,c3879.mha,0,0,0,0
